[
    {
        "name": "Set 1200mV",
        "hex": "E0C810"
    },
    {
        "name": "Set 1225mV",
        "hex": "882A11"
    },
    {
        "name": "Set 1250mV - ST9/9+",
        "hex": "308C11"
    },
    {
        "name": "Set 1275mV",
        "hex": "D8ED11"
    },
    {
        "name": "Set 1300mV - Base",
        "hex": "804F12"
    },
    {
        "name": "Set 1325mV",
        "hex": "28B112"
    },
    {
        "name": "Set 1350mV",
        "hex": "D01213"
    }
]