[
    {
        "name": "Set 2540MHz",
        "hex": "E0C126"
    },
    {
        "name": "Set 2556MHz",
        "hex": "600027"
    },
    {
        "name": "Set 2565MHz - Base",
        "hex": "E02527"
    },
    {
        "name": "Set 2572MHz",
        "hex": "E03E27"
    },
    {
        "name": "Set 2588MHz",
        "hex": "607D27"
    },
    {
        "name": "Set 2604MHz",
        "hex": "E0BB27"
    },
    {
        "name": "Set 2620MHz",
        "hex": "60FA27"
    },
    {
        "name": "Set 2636MHz",
        "hex": "E03828"
    },
    {
        "name": "Set 2652MHz",
        "hex": "607728"
    },
    {
        "name": "Set 2668MHz",
        "hex": "E0B528"
    },
    {
        "name": "Set 2680MHz",
        "hex": "E0E728"
    },
    {
        "name": "Set 2690MHz",
        "hex": "600D29"
    },
    {
        "name": "Set 2700MHz - ST8/8+",
        "hex": "E03229"
    },
    {
        "name": "Set 2716MHz",
        "hex": "607129"
    },
    {
        "name": "Set 2732MHz",
        "hex": "E0AF29"
    },
    {
        "name": "Set 2748MHz",
        "hex": "60EE29"
    },
    {
        "name": "Set 2764MHz",
        "hex": "E02C2A"
    },
    {
        "name": "Set 2773MHz - Ultra",
        "hex": "60522A"
    },
    {
        "name": "Set 2780MHz",
        "hex": "606B2A"
    },
    {
        "name": "Set 2796MHz - ST9",
        "hex": "E0A92A"
    },
    {
        "name": "Set 2812MHz",
        "hex": "60E82A"
    },
    {
        "name": "Set 2828MHz",
        "hex": "E0262B"
    },
    {
        "name": "Set 2844MHz",
        "hex": "60652B"
    },
    {
        "name": "Set 2860MHz",
        "hex": "E0A32B"
    },
    {
        "name": "Set 2876MHz",
        "hex": "60E22B"
    },
    {
        "name": "Set 2892MHz",
        "hex": "E0202C"
    },
    {
        "name": "Set 2908MHz",
        "hex": "605F2C"
    },
    {
        "name": "Set 2924MHz",
        "hex": "E09D2C"
    },
    {
        "name": "Set 2930MHz - STX",
        "hex": "E0B62C"
    },
    {
        "name": "Set 2940MHz",
        "hex": "60DC2C"
    },
    {
        "name": "Set 2956MHz",
        "hex": "E01A2D"
    },
    {
        "name": "Set 2972MHz",
        "hex": "60592D"
    },
    {
        "name": "Set 2988MHz",
        "hex": "E0972D"
    },
    {
        "name": "Set 3000MHz - Serious?",
        "hex": "E0C92D"
    }
]