[
    {
        "name": "Set 1200mV",
        "dec": "1100000"
    },
    {
        "name": "Set 1225mV",
        "dec": "1125000"
    },
    {
        "name": "Set 1250mV - ST9/9+",
        "dec": "1150000"
    },
    {
        "name": "Set 1275mV",
        "dec": "1175000"
    },
    {
        "name": "Set 1300mV - Base",
        "dec": "1200000"
    },
    {
        "name": "Set 1325mV",
        "dec": "1225000"
    },
    {
        "name": "Set 1350mV",
        "dec": "1250000"
    }
]