[
    {
        "name": "L+R+Up",
        "label": "L+R+Up",
        "file-path": "/switch/.packages/Ultra Updater/combinations/L+R+Up/*"
    },
    {
        "name": "L+Down+R3",
        "label": "L+Down+R3",
        "file-path": "/switch/.packages/Ultra Updater/combinations/L+Down+R3/*"
    },
    {
        "name": "L3+R3",
        "label": "L3+R3",
        "file-path": "/switch/.packages/Ultra Updater/combinations/L3+R3/*"
    },
    {
        "name": "Plus+Minus",
        "label": "Plus+Minus",
        "file-path": "/switch/.packages/Ultra Updater/combinations/Plus+Minus/*"
    }
]
