[
    {
        "name": "Ancestors Legacy",
        "label": "Ancestors Legacy",
        "file-1-url": "https://github.com/redraz/Ultra-4ifir/raw/main/4MODS/Ancestors%20Legacy.zip"
    },
    {
        "name": "Bloodstained RotN",
        "label": "Bloodstained RotN",
        "file-1-url": "https://github.com/redraz/Ultra-4ifir/raw/main/4MODS/Bloodstained%20RotN.zip"
    },
    {
        "name": "DOOM Eternal",
        "label": "DOOM Eternal",
        "file-1-url": "https://github.com/redraz/Ultra-4ifir/raw/main/4MODS/DOOM%20Eternal.zip"
    },
    {
        "name": "DOOM 2016",
        "label": "DOOM 2016",
        "file-1-url": "https://github.com/redraz/Ultra-4ifir/raw/main/4MODS/DOOM.zip"
    },
    {
        "name": "It Takes Two",
        "label": "It Takes Two",
        "file-1-url": "https://github.com/redraz/Ultra-4ifir/raw/main/4MODS/It%20Takes%20Two.zip"
    }

]
