[
    {
        "name": "Set 1150mV - Danger",
        "hex": "308C11"
    },
    {
        "name": "Set 1175mV - Unsafe",
        "hex": "D8ED11"
    },
    {
        "name": "Set 1200mV - 1.6 ",
        "hex": "804F12"
    },
    {
        "name": "Set 1225mV",
        "hex": "28B112"
    },
    {
        "name": "Set 1250mV",
        "hex": "D01213"
    },
    {
        "name": "Set 1275mV",
        "hex": "787413"
    },
    {
        "name": "Set 1300mV - Base",
        "hex": "20D613"
    },
    {
        "name": "Set 1325mV",
        "hex": "C83714"
    },
    {
        "name": "Set 1350mV - Ultra",
        "hex": "709914"
    }
]