[
    {
        "name": "Initial Base - RAM+",
        "loader": "loader_base.kip",
        "label": "Base",
        "stage": "Ultra.zip"
    },
    {
        "name": "Initial Mega - RAM+",
        "loader": "loader_mega.kip",
        "label": "Mega",
        "stage": "Ultra.zip"
    },
    {
        "name": "Initial Ultra - RAM+",
        "loader": "loader_ultra.kip",
        "label": "Ultra",
        "stage": "Ultra.zip"
    },
    {
        "name": "Initial Placebo - RAM+",
        "loader": "loader_placebo.kip",
        "label": "Placebo",
        "stage": "Placebo.zip"
    }
]