[
    {
        "name": "1200 mV",
        "label": "1200 mV",
        "dec": "1200"
    },
    {
        "name": "1235 mV - Core",
        "label": "1235 mV",
        "dec": "1235"
    },
    {
        "name": "1250 mV",
        "label": "1250 mV",
        "dec": "1250"
    },
    {
        "name": "1270 mV - Mega",
        "label": "1270 mV",
        "dec": "1270"
    },
    {
        "name": "1300 mV - Ultra",
        "label": "1300 mV",
        "dec": "1300"
    },
    {
        "name": "1320 mV",
        "label": "1320 mV",
        "dec": "1320"
    },
    {
        "name": "1350 mV - Unsafe",
        "label": "1350 mV",
        "dec": "1350"
    }
]