[
    {
        "name": "2331MHz - Erista",
        "dec": "2131200"
    },
    {
        "name": "2350MHz",
        "dec": "2150400"
    },
    {
        "name": "2369MHz",
        "dec": "2169600"
    },
    {
        "name": "2388MHz",
        "dec": "2188800"
    },
    {
        "name": "2408MHz",
        "dec": "2208000"
    },
    {
        "name": "2427MHz",
        "dec": "2227200"
    },
    {
        "name": "2446MHz",
        "dec": "2246400"
    },
    {
        "name": "2465MHz",
        "dec": "2265600"
    },
    {
        "name": "2484MHz",
        "dec": "2284800"
    },
    {
        "name": "2500MHz - Base",
        "dec": "2300000"
    },
    {
        "name": "2504MHz",
        "dec": "2304000"
    },
    {
        "name": "2523MHz",
        "dec": "2323200"
    },
    {
        "name": "2542MHz",
        "dec": "2342400"
    },
    {
        "name": "2561MHz",
        "dec": "2361600"
    },
    {
        "name": "2580MHz",
        "dec": "2380800"
    },
    {
        "name": "2600MHz - ST9",
        "dec": "2400000"
    },
    {
        "name": "2619MHz",
        "dec": "2419200"
    },
    {
        "name": "2638MHz",
        "dec": "2438400"
    },
    {
        "name": "2657MHz",
        "dec": "2457600"
    },
    {
        "name": "2676MHz",
        "dec": "2476800"
    },
    {
        "name": "2696MHz",
        "dec": "2496000"
    },
    {
        "name": "2700MHz - ST9+",
        "dec": "2500000"
    },
    {
        "name": "2715MHz",
        "dec": "2515200"
    },
    {
        "name": "2734MHz",
        "dec": "2534400"
    },
    {
        "name": "2753MHz",
        "dec": "2553600"
    },
    {
        "name": "2772MHz",
        "dec": "2572800"
    },
    {
        "name": "2792MHz",
        "dec": "2592000"
    },
    {
        "name": "2811MHz",
        "dec": "2611200"
    },
    {
        "name": "2830MHz - STX",
        "dec": "2630400"
    },
    {
        "name": "2849MHz",
        "dec": "2649600"
    },
    {
        "name": "2868MHz",
        "dec": "2668800"
    },
    {
        "name": "2888MHz",
        "dec": "2688000"
    },
    {
        "name": "2907MHz - Serious?",
        "dec": "2707200"
    }
]