[
    {
        "name": "550mV - Danger",
        "dec": "550000"
    },
    {
        "name": "560mV - Danger",
        "dec": "560000"
    },
    {
        "name": "570mV - Danger",
        "dec": "570000"
    },
    {
        "name": "580mV - Unsafe",
        "dec": "580000"
    },
    {
        "name": "590mV - Unsafe",
        "dec": "590000"
    },
    {
        "name": "600mV - Unsafe",
        "dec": "600000"
    },
    {
        "name": "610mV",
        "dec": "610000"
    },
    {
        "name": "620mV",
        "dec": "620000"
    },
    {
        "name": "630mV",
        "dec": "630000"
    },
    {
        "name": "640mV - Base",
        "dec": "640000"
    },
    {
        "name": "650mV - Ultra",
        "dec": "650000"
    },
    {
        "name": "660mV",
        "dec": "660000"
    },
    {
        "name": "670mV",
        "dec": "670000"
    },
    {
        "name": "680mV",
        "dec": "680000"
    },
    {
        "name": "690mV",
        "dec": "690000"
    },
    {
        "name": "700mV - STX",
        "dec": "700000"
    }
]