[
    {
        "name": "Ultra - Silent",
        "file-path": "/switch/.packages/Ultra/Data/Setup/services/Off Ultra Slient.ini"
    },
    {
        "name": "Ultra - Cool",
        "file-path": "/switch/.packages/Ultra/Data/Setup/services/Off Ultra Cool.ini"
    },
    {
        "name": "4ifir - New",
        "file-path": "/switch/.packages/Ultra/Data/Setup/services/Off 4ifir New.ini"
    },
    {
        "name": "4ifir - Old",
        "file-path": "/switch/.packages/Ultra/Data/Setup/services/Off 4ifir Old.ini"
    },
    {
        "name": "Kefir - Retro",
        "file-path": "/switch/.packages/Ultra/Data/Setup/services/Off Kefir Retro.ini"
    }
]