[
    {
        "name": "Ultra - Silent",
        "file-path": "/switch/.packages/Ultra/Data/Setup/services/On Ultra Slient.ini"
    },
    {
        "name": "Ultra - Cool",
        "file-path": "/switch/.packages/Ultra/Data/Setup/services/On Ultra Cool.ini"
    },
    {
        "name": "4ifir - New",
        "file-path": "/switch/.packages/Ultra/Data/Setup/services/On 4ifir New.ini"
    },
    {
        "name": "4ifir - Old",
        "file-path": "/switch/.packages/Ultra/Data/Setup/services/On 4ifir Old.ini"
    },
    {
        "name": "Kefir - Retro",
        "file-path": "/switch/.packages/Ultra/Data/Setup/services/On Kefir Retro.ini"
    }
]