[
    {
        "name": "Set 1100mV",
        "dec": "1100000"
    },
    {
        "name": "Set 1125mV",
        "dec": "1125000"
    },
    {
        "name": "Set 1150mV",
        "dec": "1150000"
    },
    {
        "name": "Set 1175mV",
        "dec": "1175000"
    },
    {
        "name": "Set 1200mV",
        "dec": "1200000"
    },
    {
        "name": "Set 1225mV",
        "dec": "1225000"
    },
    {
        "name": "Set 1250mV",
        "dec": "1250000"
    },
    {
        "name": "Set 1275mV",
        "dec": "1275000"
    },
    {
        "name": "Set 1300mV",
        "dec": "1300000"
    },
    {
        "name": "Set 1325mV",
        "dec": "1325000"
    },
    {
        "name": "Set 1350mV",
        "dec": "1350000"
    }
]