[
    {
        "name": "Base - Placebo/Official",
        "cpu": "1270",
        "ramMHz": "1996800",
        "ramVDD2": "1200000",
        "DVB": "02",
        "t1": "01",
        "t2": "03",
        "t3": "05",
        "t4": "06",
        "t5": "05",
        "t7": "02"
    },
    {
        "name": "ST9 - Placebo/Official",
        "cpu": "1270",
        "ramMHz": "1996800",
        "ramVDD2": "1175000",
        "DVB": "00",
        "t1": "03",
        "t2": "04",
        "t3": "05",
        "t4": "06",
        "t5": "05",
        "t7": "03"
    },
    {
        "name": "ST9+ - Placebo/Official",
        "cpu": "1300",
        "ramMHz": "2131200",
        "ramVDD2": "1150000",
        "DVB": "01",
        "t1": "05",
        "t2": "05",
        "t3": "05",
        "t4": "06",
        "t5": "06",
        "t7": "03"
    },
    {
        "name": "Core - Base Analog/Custom",
        "cpu": "1235",
        "ramMHz": "1996800",
        "ramVDD2": "1200000",
        "DVB": "01",
        "t1": "02",
        "t2": "02",
        "t3": "05",
        "t4": "06",
        "t5": "05",
        "t7": "02"
    },
    {
        "name": "Mega - ST9   Analog/Custom",
        "cpu": "1270",
        "ramMHz": "2131200",
        "ramVDD2": "1200000",
        "DVB": "01",
        "t1": "05",
        "t2": "02",
        "t3": "05",
        "t4": "06",
        "t5": "05",
        "t7": "03"
    },
    {
        "name": "Ultra - ST9+ Analog/Custom",
        "cpu": "1320",
        "ramMHz": "2188800",
        "ramVDD2": "1200000",
        "DVB": "01",
        "t1": "05",
        "t2": "02",
        "t3": "05",
        "t4": "06",
        "t5": "05",
        "t7": "03"
    },
    {
        "name": "Red - Custom",
        "cpu": "1270",
        "ramMHz": "2284800",
        "ramVDD2": "1200000",
        "DVB": "00",
        "t1": "06",
        "t2": "02",
        "t3": "06",
        "t4": "06",
        "t5": "06",
        "t7": "03"
    },
    {
        "name": "Test timings - Test",
        "cpu": "1235",
        "ramMHz": "1862400",
        "ramVDD2": "1250000",
        "DVB": "02",
        "t1": "06",
        "t2": "02",
        "t3": "06",
        "t4": "06",
        "t5": "06",
        "t7": "03"
    },
    {
        "name": "Test MHz Ram - Test",
        "cpu": "1235",
        "ramMHz": "2188800",
        "ramVDD2": "1250000",
        "DVB": "02",
        "t1": "01",
        "t2": "01",
        "t3": "01",
        "t4": "01",
        "t5": "01",
        "t7": "00"
    }
]