[
    {
        "name": "1200mV",
        "hex": "B00400",
        "color": "#CCCCCC"
    },
    {
        "name": "1235mV - Core",
        "hex": "D30400",
        "color": "#FFFFFF"
    },
    {
        "name": "1250mV",
        "hex": "E20400",
        "color": "#CCCCCC"
    },
    {
        "name": "1270mV - Mega",
        "hex": "F60400",
        "color": "#FFFFFF"
    },
    {
        "name": "1300mV",
        "hex": "140500",
        "color": "#CCCCCC"
    },
    {
        "name": "1320mV - Ultra",
        "hex": "280500",
        "color": "#FFFFFF"
    },
    {
        "name": "1350mV - Unsafe",
        "hex": "460500",
        "color": "#FF6699"
    }
]