{
  "ams": {
    "[PACK] Ultra 4IFIR 1.4.2": "https://github.com/redraz/Ultra-4ifir/raw/main/Ultra%204IFIR/Ultra%204IFIR.zip",
    "[PACK] Ultra 4IFIR 1.4.1": "https://github.com/redraz/Ultra-4ifir/raw/main/Ultra%204IFIR.zip",
    "[PACK] Atmosphere 1.6.0 for HOS 17.0": "https://github.com/redraz/Ultra-4ifir/raw/main/Fix.zip"
  },
  "misc": {
    "Brick Code": "https://github.com/redraz/Ultra-4ifir/raw/main/Brick.zip",
    "Refresh AIO": "https://github.com/redraz/Ultra-4ifir/raw/main/AIO/AIO.zip"
  }
}