[
    {
        "name": "Ancestors Legacy",
        "url": "https://github.com/redraz/Ultra-4ifir/raw/main/4MODS/Ancestors%20Legacy.zip",
        "path": "/atmosphere/contents/",
        "color": "#CCCCCC"
    },
    {
        "name": "Astral Chain",
        "url": "https://github.com/redraz/Ultra-4ifir/raw/main/4MODS/Astral%20Chain.zip",
        "path": "/",
        "color": "#FFFFFF"
    },
    {
        "name": "Bloodstained RotN",
        "url": "https://github.com/redraz/Ultra-4ifir/raw/main/4MODS/Bloodstained%20RotN.zip",
        "path": "/atmosphere/contents/",
        "color": "#CCCCCC"
    },
    {
        "name": "DOOM Eternal",
        "url": "https://github.com/redraz/Ultra-4ifir/raw/main/4MODS/DOOM%20Eternal.zip",
        "path": "/atmosphere/contents/",
        "color": "#CCCCCC"
    },
    {
        "name": "DOOM 2016",
        "url": "https://github.com/redraz/Ultra-4ifir/raw/main/4MODS/DOOM.zip",
        "path": "/atmosphere/contents/",
        "color": "#CCCCCC"
    },
    {
        "name": "It Takes Two",
        "url": "https://github.com/redraz/Ultra-4ifir/raw/main/4MODS/It%20Takes%20Two.zip",
        "path": "/atmosphere/contents/",
        "color": "#CCCCCC"
    },
    {
        "name": "The Legend of Zelda: TotK - 1.1.2",
        "url": "https://github.com/redraz/Ultra-4ifir/raw/main/4MODS/Zelda%20TotK.zip",
        "path": "/atmosphere/",
        "color": "#FFFFFF"
    }
]
