[
    {
        "name": "Placebo Tuner - latest",
        "label": "Ultra Tuner",
        "url": "https://github.com/redraz/Ultra-4ifir/raw/main/Standalone/Placebo%20Tuner/Placebo%20Tuner.zip"
    },
    {
        "name": "Suite Tuner - latest",
        "label": "Ultra Tuner",
        "url": "https://github.com/redraz/Ultra-4ifir/raw/main/Standalone/Suite%20Tuner/Suite%20Tuner.zip"
    },
    {
        "name": "Ultra Tuner - Old",
        "label": "Ultra Tuner",
        "url": "https://github.com/redraz/Ultra-4ifir/raw/main/Ultra%20Tuner/Ultra%20Tuner.zip"
    },
    {
        "name": "Ultra Updater - latest",
        "label": "Ultra Updater",
        "url": "https://github.com/redraz/Ultra-4ifir/raw/main/Ultra%20Updater/Ultra%20Updater.zip"
    }
]
