[
    {
        "name": "Set 2331MHz - Erista",
        "hex": "008520"
    },
    {
        "name": "Set 2350MHz",
        "hex": "00D020"
    },
    {
        "name": "Set 2369MHz",
        "hex": "001B21"
    },
    {
        "name": "Set 2388MHz",
        "hex": "006621"
    },
    {
        "name": "Set 2408MHz",
        "hex": "00B121"
    },
    {
        "name": "Set 2427MHz",
        "hex": "00FC21"
    },
    {
        "name": "Set 2446MHz",
        "hex": "004722"
    },
    {
        "name": "Set 2465MHz - Base",
        "hex": "009222"
    },
    {
        "name": "Set 2484MHz",
        "hex": "00DD22"
    },
    {
        "name": "Set 2504MHz",
        "hex": "002823"
    },
    {
        "name": "Set 2523MHz",
        "hex": "007323"
    },
    {
        "name": "Set 2542MHz",
        "hex": "00BE23"
    },
    {
        "name": "Set 2561MHz",
        "hex": "000924"
    },
    {
        "name": "Set 2580MHz",
        "hex": "005424"
    },
    {
        "name": "Set 2600MHz - ST9",
        "hex": "009F24"
    },
    {
        "name": "Set 2619MHz",
        "hex": "00EA24"
    },
    {
        "name": "Set 2638MHz",
        "hex": "003525"
    },
    {
        "name": "Set 2657MHz",
        "hex": "008025"
    },
    {
        "name": "Set 2676MHz - Ultra",
        "hex": "00CB25"
    },
    {
        "name": "Set 2696MHz",
        "hex": "001626"
    },
    {
        "name": "Set 2700MHz - ST9+",
        "hex": "A02526"
    },
    {
        "name": "Set 2715MHz",
        "hex": "006126"
    },
    {
        "name": "Set 2734MHz",
        "hex": "00AC26"
    },
    {
        "name": "Set 2753MHz",
        "hex": "00F726"
    },
    {
        "name": "Set 2772MHz",
        "hex": "004227"
    },
    {
        "name": "Set 2792MHz",
        "hex": "008D27"
    },
    {
        "name": "Set 2811MHz",
        "hex": "00D827"
    },
    {
        "name": "Set 2830MHz - STX",
        "hex": "002328"
    },
    {
        "name": "Set 2849MHz",
        "hex": "006E28"
    },
    {
        "name": "Set 2868MHz",
        "hex": "00B928"
    },
    {
        "name": "Set 2888MHz",
        "hex": "000429"
    },
    {
        "name": "Set 2907MHz - Serious?",
        "hex": "004F29"
    }
]