[
    {
        "name": "Do Not Adjust (2400Mhz: ??-5) - 0",
        "hex": "00"
    },
    {
        "name": "18-7.5 (Default timing) - 1",
        "hex": "01"
    },
    {
        "name": "15-7.5 - Base 2",
        "hex": "02"
    },
    {
        "name": "15-6 - 3",
        "hex": "03"
    },
    {
        "name": "12-6 - 4",
        "hex": "04"
    },
    {
        "name": "12-4 - ST 5",
        "hex": "05"
    },
    {
        "name": "8-4 - 6",
        "hex": "06"
    }
]