[
    {
        "name": "0 Undervolt - Core",
        "hex": "00",
        "color": "#FFFFFF"
    },
    {
        "name": "1 Undervolt - Unsafe",
        "hex": "01",
        "color": "#FF6699"
    },
    {
        "name": "2 Undervolt - Unsafe",
        "hex": "02",
        "color": "#FF6699"
    },
    {
        "name": "3 Undervolt - Unsafe",
        "hex": "03",
        "color": "#FF6699"
    },
    {
        "name": "4 Undervolt - Unsafe",
        "hex": "04",
        "color": "#FF6699"
    }
]