[
    {
        "name": "Base - Official",
        "cpu": "1180",
        "gpu": "01",
        "ramMHz": "2265600",
        "ramVDD2": "1200000",
        "ramVDDQ": "630000",
        "t1": "02",
        "t2": "02",
        "t3": "02",
        "t4": "02",
        "t5": "02",
        "t7": "01"
    },
    {
        "name": "ST9 - Official",
        "cpu": "1180",
        "gpu": "02",
        "ramMHz": "2400000",
        "ramVDD2": "1150000",
        "ramVDDQ": "630000",
        "t1": "04",
        "t2": "05",
        "t3": "05",
        "t4": "06",
        "t5": "06",
        "t7": "03"
    },
    {
        "name": "ST9+ - Official",
        "cpu": "1235",
        "gpu": "02",
        "ramMHz": "2500000",
        "ramVDD2": "1150000",
        "ramVDDQ": "630000",
        "t1": "05",
        "t2": "05",
        "t3": "05",
        "t4": "06",
        "t5": "06",
        "t7": "03"
    },
    {
        "name": "Ultra - Custom",
        "cpu": "1220",
        "gpu": "02",
        "ramMHz": "2476800",
        "ramVDD2": "1200000",
        "ramVDDQ": "650000",
        "t1": "04",
        "t2": "05",
        "t3": "05",
        "t4": "06",
        "t5": "06",
        "t7": "03"
    },
    {
        "name": "Redraz - Custom",
        "cpu": "1220",
        "gpu": "02",
        "ramMHz": "2476800",
        "ramVDD2": "1125000",
        "ramVDDQ": "630000",
        "t1": "05",
        "t2": "05",
        "t3": "05",
        "t4": "06",
        "t5": "06",
        "t7": "03"
    },
    {
        "name": "Test timings - Test",
        "cpu": "1160",
        "gpu": "00",
        "ramMHz": "2265600",
        "ramVDD2": "1250000",
        "ramVDDQ": "700000",
        "t1": "05",
        "t2": "05",
        "t3": "05",
        "t4": "06",
        "t5": "06",
        "t7": "03"
    },
    {
        "name": "Test MHz Ram - Test",
        "cpu": "1160",
        "gpu": "00",
        "ramMHz": "2500000",
        "ramVDD2": "1250000",
        "ramVDDQ": "700000",
        "t1": "01",
        "t2": "01",
        "t3": "01",
        "t4": "01",
        "t5": "01",
        "t7": "01"
    }
]