[
    {
        "name": "DBI RU - 616",
        "url": "https://github.com/redraz/Ultra-4ifir/raw/main/Homebrews/DBI%20RU.zip",
        "path": "/switch/"
    },
    {
        "name": "DBI EN - 616",
        "url": "https://github.com/redraz/Ultra-4ifir/raw/main/Homebrews/DBI%20EN.zip",
        "path": "/switch/"
    },
    {
        "name": "DBI PTBR - 616",
        "url": "https://github.com/redraz/Ultra-4ifir/raw/main/Homebrews/DBI%20EN.zip",
        "path": "/switch/"
    },
    {
        "name": "MicroMemBench - 0.5.1",
        "url": "https://github.com/redraz/Ultra-4ifir/raw/main/Homebrews/MicroMemBench.zip",
        "path": "/switch/"
    },
    {
        "name": "MicroMemTest - 5.0.0",
        "url": "https://github.com/redraz/Ultra-4ifir/raw/main/Homebrews/MicroMemTest.zip",
        "path": "/switch/"
    },
    {
        "name": "Battery Desync Fix - 1.2.1",
        "url": "https://github.com/redraz/Ultra-4ifir/raw/main/Homebrews/battery_desync_fix.zip",
        "path": "/switch/"
    },
    {
        "name": "mhz - 1.0.0",
        "url": "https://github.com/redraz/Ultra-4ifir/raw/main/Homebrews/mhz-1.0.0.zip",
        "path": "/switch/"
    },
    {
        "name": "clkrst_query - 1.0.0",
        "url": "https://github.com/redraz/Ultra-4ifir/raw/main/Homebrews/clkrst_query.zip",
        "path": "/switch/"
    }
]
