[
    {
        "name": "Background Services - Off",
        "label": "Off",
        "comm1": "set-ini-key",
        "comm2": "set-ini-val",
        "ini1": "bgtc",
        "ini2": "enable_halfawake",
        "ini2a": "u32!0x0",
        "ini3": "minimum_interval_normal",
        "ini4": "minimum_interval_save",
        "ini4a": "u32!0x7FFFFFFF",
        "ini5": "battery_threshold_save",
        "ini6": "battery_threshold_stop",
        "ini6a": "u32!0x64",
        "ini7": "npns",
        "ini8": "background_processing",
        "ini8a": "u8!0x0",
        "ini9": "sleep_periodic_interval",
        "ini10": "sleep_processing_timeout",
        "ini11": "sleep_max_try_count",
        "ini12": "ns.notification",
        "ini13": "enable_download_task_list",
        "ini14": "enable_download_ticket",
        "ini15": "enable_network_update",
        "ini16": "enable_random_wait",
        "ini17": "enable_request_on_cold_boot",
        "ini18": "enable_send_rights_usage_status_request",
        "ini19": "enable_sync_elicense_request",
        "ini20": "enable_version_list",
        "ini21": "retry_interval_min",
        "ini22": "retry_interval_max",
        "ini23": "version_list_waiting_limit_bias",
        "ini24": "version_list_waiting_limit_min",
        "ini25": "account",
        "ini26": "na_required_for_network_service",
        "ini27": "na_license_verification_enabled",
        "ini28": "account.daemon",
        "ini29": "background_awaking_periodicity",
        "ini30": "initial_schedule_delay",
        "ini31": "profile_sync_interval",
        "ini32": "na_info_refresh_interval",
        "ini33": "capsrv",
        "ini34": "enable_album_screenshot_filedata_verification",
        "ini35": "enable_album_movie_filehash_verification",
        "ini36": "enable_album_movie_filesign_verification",
        "ini37": "friends",
        "ini38": "background_processing",
        "ini39": "notification.presenter",
        "ini40": "snooze_interval_in_seconds",
        "ini41": "connection_retry_count",
        "ini42": "alarm_pattern_total_repeat_count",
        "ini43": "alarm_pattern_with_vibration_repeat_count",
        "ini44": "prepo",
        "ini45": "transmission_interval_min",
        "ini46": "transmission_retry_interval_min",
        "ini47": "transmission_retry_interval_max",
        "ini48": "transmission_interval_in_sleep",
        "ini49": "statistics_save_interval_min",
        "ini50": "statistics_post_interval",
        "ini51": "olsc",
        "ini52": "default_auto_upload_global_setting",
        "ini53": "default_auto_download_global_setting",
        "ini54": "autonomy_registration_interval_seconds",
        "ini55": "network_service_license_info_cache_expiration_seconds",
        "ini56": "postponed_transfer_task_processing_interval_seconds",
        "ini57": "retry_offset_seconds",
        "ini58": "network_trouble_detection_span_seconds",
        "ini59": "network_connection_polling_interval_seconds",
        "ini60": "is_save_data_backup_policy_check_required",
        "ini61": "is_global_transfer_task_autonomy_registration_enabled",
        "ini62": "is_on_event_transfer_task_registration_enabled",
        "ini63": "is_periodic_transfer_task_registration_enabled",
        "ini64": "ntc",
        "ini65": "is_autonomic_correction_enabled",
        "ini66": "autonomic_correction_interval_seconds",
        "ini67": "autonomic_correction_failed_retry_interval_seconds",
        "ini68": "autonomic_correction_immediate_try_count_max",
        "ini69": "autonomic_correction_immediate_try_interval_milliseconds",
        "ini70": "systemupdate",
        "ini71": "bgnup_retry_seconds",
        "ini72": "ns.rights",
        "ini73": "skip_account_validation_on_rights_check",
        "ini73a": "u8!0x1",
        "ini74": "next_available_time_of_unexpected_error",
        "ini75": "pctl",
        "ini76": "intermittent_task_interval_seconds",
        "ini77": "sprofile",
        "ini78": "adjust_polling_interval_by_profile",
        "ini79": "polling_interval_sec_max",
        "ini80": "polling_interval_sec_min"
    },
    {
        "name": "Background Services - On",
        "label": "On",
        "comm1": "remove-ini-section",
        "ini1": "bgtc",
        "ini7": "npns",
        "ini12": "ns.notification",
        "ini25": "account",
        "ini28": "account.daemon",
        "ini33": "capsrv",
        "ini37": "friends",
        "ini39": "notification.presenter",
        "ini44": "prepo",
        "ini51": "olsc",
        "ini64": "ntc",
        "ini70": "systemupdate",
        "ini72": "ns.rights",
        "ini75": "pctl",
        "ini77": "sprofile"
    }
]