[
    {
        "name": "Set 2527MHz",
        "hex": "2527200"
    },
    {
        "name": "Set 2546MHz",
        "hex": "2546400"
    },
    {
        "name": "Set 2565MHz - Base",
        "hex": "2565600"
    },
    {
        "name": "Set 2584MHz",
        "hex": "2584800"
    },
    {
        "name": "Set 2604MHz",
        "hex": "2604000"
    },
    {
        "name": "Set 2623MHz",
        "hex": "2623200"
    },
    {
        "name": "Set 2642MHz",
        "hex": "2642400"
    },
    {
        "name": "Set 2661MHz",
        "hex": "2661600"
    },
    {
        "name": "Set 2680MHz",
        "hex": "2680800"
    },
    {
        "name": "Set 2700MHz - ST8/8+",
        "hex": "2700000"
    },
    {
        "name": "Set 2719MHz",
        "hex": "2719200"
    },
    {
        "name": "Set 2738MHz",
        "hex": "2738400"
    },
    {
        "name": "Set 2757MHz",
        "hex": "2757600"
    },
    {
        "name": "Set 2776MHz - Ultra",
        "hex": "2776800"
    },
    {
        "name": "Set 2796MHz",
        "hex": "2796000"
    },
    {
        "name": "Set 2815MHz",
        "hex": "2815200"
    },
    {
        "name": "Set 2834MHz",
        "hex": "2834400"
    },
    {
        "name": "Set 2853MHz",
        "hex": "2853600"
    },
    {
        "name": "Set 2872MHz",
        "hex": "2872800"
    },
    {
        "name": "Set 2892MHz",
        "hex": "2892000"
    },
    {
        "name": "Set 2911MHz",
        "hex": "2911200"
    },
    {
        "name": "Set 2930MHz",
        "hex": "2930400"
    },
    {
        "name": "Set 2949MHz",
        "hex": "2949600"
    },
    {
        "name": "Set 2968MHz",
        "hex": "2968800"
    },
    {
        "name": "Set 2988MHz",
        "hex": "2988000"
    },
    {
        "name": "Set 3007MHz",
        "hex": "3007200"
    }
]