[
	{
        "name": "1100mV - Why?",
        "hex": "4C04",
        "color": "#999999"
    },
    {
        "name": "1120mV",
        "hex": "6004",
        "color": "#CCCCCC"
    },
    {
        "name": "1140mV",
        "hex": "7404",
        "color": "#CCCCCC"
    },
    {
        "name": "1160mV - Core",
        "hex": "8804",
        "color": "#FFFFFF"
    },
    {
        "name": "1180mV",
        "hex": "9C04",
        "color": "#FFFFFF"
    },
    {
        "name": "1200mV - Mega",
        "hex": "B004",
        "color": "#CCCCCC"
    },
    {
        "name": "1220mV - Ultra",
        "hex": "C404",
        "color": "#FFFFFF"
    },
    {
        "name": "1235mV",
        "hex": "D304",
        "color": "#CCCCCC"
    },
    {
        "name": "1250mV",
        "hex": "E204",
        "color": "#CCCCCC"
    },
    {
        "name": "1275mV - Unsafe",
        "hex": "FB04",
        "color": "#FF6699"
    }
]


