[
    {
        "name": "20Mbs - [60fps]",
        "ini": "u32!0x1312D00",
        "ini2": "u32!60",
        "color": "#FFFFFF"
    },
    {
        "name": "15Mbs - [60fps]",
        "ini": "u32!0xE4E1C0",
        "ini2": "u32!60",
        "color": "#FFFFFF"
    },
    {
        "name": "10Mbs - [60fps]",
        "ini": "u32!0xA00000",
        "ini2": "u32!60",
        "color": "#FFFFFF"
    },
    {
        "name": "7.5Mbs - [60fps]",
        "ini": "u32!0x780000",
        "ini2": "u32!60",
        "color": "#FFFFFF"
    },
    {
        "name": "5Mbs - [60fps]",
        "ini": "u32!0x42D560",
        "ini2": "u32!60",
        "color": "#FFFFFF"
    },


    {
        "name": "20Mbs - [30fps]",
        "ini": "u32!0x1312D00",
        "ini2": "u32!30",
        "color": "#999999"
    },
    {
        "name": "15Mbs - [30fps]",
        "ini": "u32!0xE4E1C0",
        "ini2": "u32!30",
        "color": "#999999"
    },
    {
        "name": "10Mbs - [30fps]",
        "ini": "u32!0xA00000",
        "ini2": "u32!30",
        "color": "#999999"
    },
    {
        "name": "7.5Mbs - [30fps]",
        "ini": "u32!0x780000",
        "ini2": "u32!30",
        "color": "#999999"
    },
    {
        "name": "5Mbs - Stock [30fps]",
        "ini": "u32!0x42D560",
        "ini2": "u32!30",
        "color": "#999999"
    }
]