{
    "ams": {

		"[PACK] Ultra 4IFIR 1.4 Prerelease": "https://github.com/redraz/Ultra-4ifir/raw/main/Ultra%204IFIR/Ultra%204IFIR.zip",
        "[PACK] Ultra 4IFIR 1.3.6": "https://github.com/redraz/Ultra-4ifir/releases/latest/download/Ultra.4IFIR.zip"
    },
    "misc": {
		"Tuner + Update": "https://github.com/redraz/Ultra-4ifir/raw/main/Combo.zip",
        "Brick Code": "https://github.com/redraz/Ultra-4ifir/raw/main/Brick.zip",
        "Refresh AIO": "https://github.com/redraz/Ultra-4ifir/raw/main/AIO/AIO.zip"
    }
}