[
    {
        "name": "Create Backup",
        "dir": "/atmosphere/kips/.bak/",
        "from": "/atmosphere/kips/loader.kip",
        "to": "/atmosphere/kips/.bak/loader_backup.kip",
        "color": "White"
    },
    {
        "name": "Restore Backup",
        "from": "/atmosphere/kips/.bak/loader_backup.kip",
        "to": "/atmosphere/kips/loader.kip",
        "color": "Gray"
    },
    {
        "name": "Delete Backup",
        "dir": "/atmosphere/kips/.bak/",
        "color": "Red"
    }
]