[
    {
        "name": "Core - Base  Like [redraz]",
        "cpuMV": "1235",
        "cpuUV": "01",
        "ramMHz": "1996800",
        "ramVDD2": "1200000",
        "DVB": "01",
        "t1": "02",
        "t2": "02",
        "t3": "05",
        "t4": "06",
        "t5": "05",
        "t6": "02"
    },
    {
        "name": "Mega - ST9   Like [redraz]",
        "cpuMV": "1270",
        "cpuUV": "02",
        "ramMHz": "2131200",
        "ramVDD2": "1200000",
        "DVB": "01",
        "t1": "04",
        "t2": "02",
        "t3": "05",
        "t4": "06",
        "t5": "05",
        "t6": "03"
    },
    {
        "name": "Ultra - ST9+ Like [redraz]",
        "cpuMV": "1320",
        "cpuUV": "02",
        "ramMHz": "2188800",
        "ramVDD2": "1200000",
        "DVB": "01",
        "t1": "05",
        "t2": "02",
        "t3": "05",
        "t4": "06",
        "t5": "05",
        "t6": "03"
    },
    {
        "name": "Red - Custom [redraz]",
        "cpuMV": "1270",
        "cpuUV": "02",
        "ramMHz": "2284800",
        "ramVDD2": "1200000",
        "DVB": "00",
        "t1": "06",
        "t2": "02",
        "t3": "06",
        "t4": "06",
        "t5": "06",
        "t6": "03"
    },
    {
        "name": "Base - 1.7 [Cooler]",
        "cpuMV": "1270",
        "cpuUV": "01",
        "ramMHz": "1996800",
        "ramVDD2": "1200000",
        "DVB": "02",
        "t1": "01",
        "t2": "03",
        "t3": "05",
        "t4": "06",
        "t5": "05",
        "t6": "02"
    },
    {
        "name": "ST9 - 1.7 [Cooler]",
        "cpuMV": "1270",
        "cpuUV": "02",
        "ramMHz": "1996800",
        "ramVDD2": "1175000",
        "DVB": "00",
        "t1": "03",
        "t2": "04",
        "t3": "05",
        "t4": "06",
        "t5": "05",
        "t6": "03"
    },
    {
        "name": "ST9+ - 1.7 [Cooler]",
        "cpuMV": "1270",
        "cpuUV": "02",
        "ramMHz": "1996800",
        "ramVDD2": "1175000",
        "DVB": "02",
        "t1": "05",
        "t2": "05",
        "t3": "05",
        "t4": "06",
        "t5": "05",
        "t6": "03"
    },
    {
        "name": "Test timings - [Test]",
        "cpuMV": "1235",
        "cpuUV": "01",
        "ramMHz": "1862400",
        "ramVDD2": "1200000",
        "DVB": "02",
        "t1": "06",
        "t2": "02",
        "t3": "06",
        "t4": "06",
        "t5": "06",
        "t6": "03"
    },
    {
        "name": "Test MHz Ram - [Test]",
        "cpuMV": "1235",
        "cpuUV": "01",
        "ramMHz": "2188800",
        "ramVDD2": "1200000",
        "DVB": "02",
        "t1": "01",
        "t2": "01",
        "t3": "01",
        "t4": "01",
        "t5": "01",
        "t6": "00"
    }
]