[
    {
        "name": "Set 1862MHz",
        "dec": "1862400"
    },
    {
        "name": "Set 1881MHz",
        "dec": "1881600"
    },
    {
        "name": "Set 1900MHz",
        "dec": "1900800"
    },
    {
        "name": "Set 1920MHz",
        "dec": "1920000"
    },
    {
        "name": "Set 1939MHz",
        "dec": "1939200"
    },
    {
        "name": "Set 1958MHz",
        "dec": "1958400"
    },
    {
        "name": "Set 1977MHz",
        "dec": "1977600"
    },
    {
        "name": "Set 1996MHz - Base",
        "dec": "1996800"
    },
    {
        "name": "Set 2016MHz",
        "dec": "2016000"
    },
    {
        "name": "Set 2035MHz",
        "dec": "2035200"
    },
    {
        "name": "Set 2054MHz",
        "dec": "2054400"
    },
    {
        "name": "Set 2073MHz",
        "dec": "2073600"
    },
    {
        "name": "Set 2092MHz",
        "dec": "2092800"
    },
    {
        "name": "Set 2112MHz",
        "dec": "2112000"
    },
    {
        "name": "Set 2131MHz - Mega/Ultra",
        "dec": "2131200"
    },
    {
        "name": "Set 2150MHz",
        "dec": "2150400"
    },
    {
        "name": "Set 2169MHz",
        "dec": "2169600"
    },
    {
        "name": "Set 2188MHz",
        "dec": "2188800"
    },
    {
        "name": "Set 2208MHz",
        "dec": "2208000"
    },
    {
        "name": "Set 2227MHz",
        "dec": "2227200"
    },
    {
        "name": "Set 2246MHz",
        "dec": "2246400"
    },
    {
        "name": "Set 2265MHz - Mariko",
        "dec": "2265600"
    },
    {
        "name": "Set 2284MHz",
        "dec": "2284800"
    },
    {
        "name": "Set 2304MHz",
        "dec": "2304000"
    },
    {
        "name": "Set 2323MHz",
        "dec": "2323200"
    },
    {
        "name": "Set 2342MHz",
        "dec": "2342400"
    },
    {
        "name": "Set 2361MHz",
        "dec": "2361600"
    },
    {
        "name": "Set 2380MHz",
        "dec": "2380800"
    },
    {
        "name": "Set 2400MHz - Serious?",
        "dec": "2400000"
    }
]