[
	{
        "name": "1100mV",
        "hex": "4C04"
    },
    {
        "name": "1120mV",
        "hex": "6004"
    },
    {
        "name": "1140mV",
        "hex": "7404"
    },
    {
        "name": "1150mV",
        "hex": "7E04"
    },
    {
        "name": "1160mV - ECO",
        "hex": "8804"
    },
    {
        "name": "1170mV",
        "hex": "9204"
    },
    {
        "name": "1180mV - Base/ST9",
        "hex": "9C04"
    },
    {
        "name": "1190mV",
        "hex": "A604"
    },
    {
        "name": "1200mV",
        "hex": "B004"
    },
    {
        "name": "1210mV",
        "hex": "BA04"
    },
    {
        "name": "1220mV",
        "hex": "C404"
    },
    {
        "name": "1235mV - ST9+",
        "hex": "D304"
    },
    {
        "name": "1250mV",
        "hex": "E204"
    }
]


