[
    {
        "name": "1100mV",
        "dec": "1100"
    },
    {
        "name": "1120mV",
        "dec": "1120"
    },
    {
        "name": "1140mV",
        "dec": "1140"
    },
    {
        "name": "1150mV",
        "dec": "1150"
    },
    {
        "name": "1160mV - ECO",
        "dec": "1160"
    },
    {
        "name": "1170mV",
        "dec": "1170"
    },
    {
        "name": "1180mV - Base",
        "dec": "1180"
    },
    {
        "name": "1190mV",
        "dec": "1190"
    },
    {
        "name": "1200mV - Ultra",
        "dec": "1200"
    },
    {
        "name": "1210mV",
        "dec": "1210"
    },
    {
        "name": "1220mV",
        "dec": "1220"
    },
    {
        "name": "1235mV - ST9+",
        "dec": "1235"
    },
    {
        "name": "1250mV",
        "dec": "1250"
    }
]


