[
    {
        "name": "1862MHz",
        "hex": "006B1C"
    },
    {
        "name": "1881MHz",
        "hex": "00B61C"
    },
    {
        "name": "1900MHz",
        "hex": "00011D"
    },
    {
        "name": "1920MHz",
        "hex": "004C1D"
    },
    {
        "name": "1939MHz",
        "hex": "00971D"
    },
    {
        "name": "1958MHz",
        "hex": "00E21D"
    },
    {
        "name": "1977MHz",
        "hex": "002D1E"
    },
    {
        "name": "1996MHz - Base",
        "hex": "00781E"
    },
    {
        "name": "2016MHz",
        "hex": "00C31E"
    },
    {
        "name": "2035MHz",
        "hex": "000E1F"
    },
    {
        "name": "2054MHz",
        "hex": "0059AF"
    },
    {
        "name": "2073MHz",
        "hex": "00A41F"
    },
    {
        "name": "2092MHz",
        "hex": "00EF1F"
    },
    {
        "name": "2112MHz",
        "hex": "003A20"
    },
    {
        "name": "2131MHz - ST9+",
        "hex": "008520"
    },
    {
        "name": "2150MHz",
        "hex": "00D020"
    },
    {
        "name": "2169MHz",
        "hex": "001B21"
    },
    {
        "name": "2188MHz",
        "hex": "006621"
    },
    {
        "name": "2208MHz",
        "hex": "00B121"
    },
    {
        "name": "2227MHz",
        "hex": "00FC21"
    },
    {
        "name": "2246MHz",
        "hex": "004722"
    },
    {
        "name": "2265MHz - Mariko",
        "hex": "009222"
    },
    {
        "name": "2284MHz",
        "hex": "00DD22"
    },
    {
        "name": "2304MHz",
        "hex": "002823"
    },
    {
        "name": "2323MHz",
        "hex": "007323"
    },
    {
        "name": "2342MHz",
        "hex": "00BE23"
    },
    {
        "name": "2361MHz",
        "hex": "000924"
    },
    {
        "name": "2380MHz",
        "hex": "005424"
    },
    {
        "name": "2400MHz - Serious?",
        "hex": "009F24"
    }
]