[
    {
        "name": "1862MHz",
        "dec": "1862400"
    },
    {
        "name": "1881MHz",
        "dec": "1881600"
    },
    {
        "name": "1900MHz",
        "dec": "1900800"
    },
    {
        "name": "1920MHz",
        "dec": "1920000"
    },
    {
        "name": "1939MHz",
        "dec": "1939200"
    },
    {
        "name": "1958MHz",
        "dec": "1958400"
    },
    {
        "name": "1977MHz",
        "dec": "1977600"
    },
    {
        "name": "1996MHz - Base",
        "dec": "1996800"
    },
    {
        "name": "2016MHz",
        "dec": "2016000"
    },
    {
        "name": "2035MHz",
        "dec": "2035200"
    },
    {
        "name": "2054MHz",
        "dec": "2054400"
    },
    {
        "name": "2073MHz",
        "dec": "2073600"
    },
    {
        "name": "2092MHz",
        "dec": "2092800"
    },
    {
        "name": "2112MHz",
        "dec": "2112000"
    },
    {
        "name": "2131MHz - ST9/9+",
        "dec": "2131200"
    },
    {
        "name": "2150MHz",
        "dec": "2150400"
    },
    {
        "name": "2169MHz",
        "dec": "2169600"
    },
    {
        "name": "2188MHz",
        "dec": "2188800"
    },
    {
        "name": "2208MHz",
        "dec": "2208000"
    },
    {
        "name": "2227MHz",
        "dec": "2227200"
    },
    {
        "name": "2246MHz",
        "dec": "2246400"
    },
    {
        "name": "2265MHz - Mariko",
        "dec": "2265600"
    },
    {
        "name": "2284MHz - Ultra",
        "dec": "2284800"
    },
    {
        "name": "2304MHz",
        "dec": "2304000"
    },
    {
        "name": "2323MHz",
        "dec": "2323200"
    },
    {
        "name": "2342MHz",
        "dec": "2342400"
    },
    {
        "name": "2361MHz",
        "dec": "2361600"
    },
    {
        "name": "2380MHz",
        "dec": "2380800"
    },
    {
        "name": "2400MHz",
        "dec": "2400000"
    }
]