[
    {
        "name": "Magic №0 - Do Not Adjust",
        "hex": "00",
        "color": "#666666"
    },
    {
        "name": "Magic №1",
        "hex": "01",
        "color": "#999999"
    },
    {
        "name": "Magic №2",
        "hex": "02",
        "color": "#999999"
    },
    {
        "name": "Magic №3",
        "hex": "03",
        "color": "#CCCCCC"
    },
    {
        "name": "Magic №4",
        "hex": "04",
        "color": "#CCCCCC"
    },
    {
        "name": "Magic №5 - Core",
        "hex": "05",
        "color": "#FFFFFF"
    },
    {
        "name": "Magic №6",
        "hex": "06",
        "color": "#CCCCCC"
    }
]