[
    {
        "name": "Base - Official",
        "cpu": "1180",
        "gpu": "01",
        "ramMHz": "009222",
        "ramVDD2": "804F12",
        "ramVDDQ": "F09C09",
        "t1": "02",
        "t2": "02",
        "t3": "02",
        "t4": "02",
        "t5": "02",
        "t7": "01"
    },
    {
        "name": "ST9 - Official",
        "cpu": "1180",
        "gpu": "02",
        "ramMHz": "009F24",
        "ramVDD2": "308C11",
        "ramVDDQ": "F09C09",
        "t1": "04",
        "t2": "05",
        "t3": "05",
        "t4": "06",
        "t5": "06",
        "t7": "03"
    },
    {
        "name": "ST9+ - Official",
        "cpu": "1235",
        "gpu": "02",
        "ramMHz": "A02526",
        "ramVDD2": "308C11",
        "ramVDDQ": "F09C09",
        "t1": "05",
        "t2": "05",
        "t3": "05",
        "t4": "06",
        "t5": "06",
        "t7": "03"
    },
    {
        "name": "Ultra - Custom",
        "cpu": "1220",
        "gpu": "02",
        "ramMHz": "00CB25",
        "ramVDD2": "804F12",
        "ramVDDQ": "10EB09",
        "t1": "04",
        "t2": "05",
        "t3": "05",
        "t4": "06",
        "t5": "06",
        "t7": "03"
    },
    {
        "name": "Redraz - Custom",
        "cpu": "1220",
        "gpu": "02",
        "ramMHz": "00CB25",
        "ramVDD2": "882A11",
        "ramVDDQ": "F09C09",
        "t1": "05",
        "t2": "05",
        "t3": "05",
        "t4": "06",
        "t5": "06",
        "t7": "03"
    },
    {
        "name": "Test timings - Test",
        "cpu": "1160",
        "gpu": "00",
        "ramMHz": "009222",
        "ramVDD2": "D01213",
        "ramVDDQ": "60AE0A",
        "t1": "05",
        "t2": "05",
        "t3": "05",
        "t4": "06",
        "t5": "06",
        "t7": "03"
    },
    {
        "name": "Test MHz Ram - Test",
        "cpu": "1160",
        "gpu": "00",
        "ramMHz": "009F24",
        "ramVDD2": "D01213",
        "ramVDDQ": "60AE0A",
        "t1": "01",
        "t2": "01",
        "t3": "01",
        "t4": "01",
        "t5": "01",
        "t7": "01"
    }
]