[
    {
        "name": "Set 1200mV",
        "dec": "1200"
    },
    {
        "name": "Set 1235mV",
        "dec": "1235"
    },
    {
        "name": "Set 1250mV",
        "dec": "1250"
    },
    {
        "name": "Set 1270mV - Base",
        "dec": "1270"
    },
    {
        "name": "Set 1300mV - ST9/9+",
        "dec": "1300"
    },
    {
        "name": "Set 1320mV",
        "dec": "1320"
    },
    {
        "name": "Set 1350mV",
        "dec": "1350"
    }
]