[
    {
        "name": "Core - Base  Like",
        "cpuMV": "1235",
        "ramMHz": "1996800",
        "ramVDD2": "1300000",
        "DVB": "02",
        "t1": "02",
        "t2": "02",
        "t3": "05",
        "t4": "05",
        "t5": "05",
        "t6": "02",
        "color": "#FFFFFF"
    },
    {
        "name": "Mega - ST9   Like",
        "cpuMV": "1270",
        "ramMHz": "2131200",
        "ramVDD2": "1275000",
        "DVB": "01",
        "t1": "03",
        "t2": "02",
        "t3": "05",
        "t4": "06",
        "t5": "05",
        "t6": "03",
        "color": "#FFFFFF"
    },
    {
        "name": "Ultra - ST9+ Like",
        "cpuMV": "1300",
        "ramMHz": "2188800",
        "ramVDD2": "1275000",
        "DVB": "00",
        "t1": "05",
        "t2": "02",
        "t3": "05",
        "t4": "06",
        "t5": "05",
        "t6": "03",
        "color": "#FFFFFF"
    },
    {
        "name": "Red - Custom+++",
        "cpuMV": "1300",
        "ramMHz": "2284800",
        "ramVDD2": "1300000",
        "DVB": "00",
        "t1": "05",
        "t2": "02",
        "t3": "05",
        "t4": "06",
        "t5": "05",
        "t6": "03",
        "color": "#FF3366"
    },
    {
        "name": "Green - Custom++",
        "cpuMV": "1300",
        "ramMHz": "2188800",
        "ramVDD2": "1300000",
        "DVB": "00",
        "t1": "02",
        "t2": "02",
        "t3": "05",
        "t4": "05",
        "t5": "05",
        "t6": "02",
        "color": "#00FF99"
    },
    {
        "name": "Blue - Custom+",
        "cpuMV": "1270",
        "ramMHz": "2131200",
        "ramVDD2": "1300000",
        "DVB": "01",
        "t1": "02",
        "t2": "02",
        "t3": "05",
        "t4": "05",
        "t5": "05",
        "t6": "02",
        "color": "#66FFFF"
    },
    {
        "name": "Gray - Custom",
        "cpuMV": "1235",
        "ramMHz": "1996800",
        "ramVDD2": "1300000",
        "DVB": "02",
        "t1": "02",
        "t2": "02",
        "t3": "02",
        "t4": "02",
        "t5": "02",
        "t6": "01",
        "color": "#999999"
    }
]