[
    {
        "name": "2131 MHz - Erista",
        "label": "2131 MHz",
        "dec": "2131200"
    },
    {
        "name": "2150 MHz",
        "label": "2150 MHz",
        "dec": "2150400"
    },
    {
        "name": "2169 MHz",
        "label": "2169 MHz",
        "dec": "2169600"
    },
    {
        "name": "2188 MHz",
        "label": "2188 MHz",
        "dec": "2188800"
    },
    {
        "name": "2200 MHz - Bad Luck",
        "label": "2200 MHz",
        "dec": "2200000"
    },
    {
        "name": "2208 MHz",
        "label": "2208 MHz",
        "dec": "2208000"
    },
    {
        "name": "2227 MHz",
        "label": "2227 MHz",
        "dec": "2227200"
    },
    {
        "name": "2246 MHz",
        "label": "2246 MHz",
        "dec": "2246400"
    },
    {
        "name": "2265 MHz",
        "label": "2265 MHz",
        "dec": "2265600"
    },
    {
        "name": "2284 MHz",
        "label": "2284 MHz",
        "dec": "2284800"
    },
    {
        "name": "2300 MHz - Core",
        "label": "2300 MHz",
        "dec": "2300000"
    },
    {
        "name": "2304 MHz",
        "label": "2304 MHz",
        "dec": "2304000"
    },
    {
        "name": "2323 MHz",
        "label": "2323 MHz",
        "dec": "2323200"
    },
    {
        "name": "2342 MHz",
        "label": "2342 MHz",
        "dec": "2342400"
    },
    {
        "name": "2361 MHz",
        "label": "2361 MHz",
        "dec": "2361600"
    },
    {
        "name": "2380 MHz",
        "label": "2380 MHz",
        "dec": "2380800"
    },
    {
        "name": "2400 MHz - Mega",
        "label": "2400 MHz",
        "dec": "2400000"
    },
    {
        "name": "2419 MHz",
        "label": "2419 MHz",
        "dec": "2419200"
    },
    {
        "name": "2438 MHz",
        "label": "2438 MHz",
        "dec": "2438400"
    },
    {
        "name": "2457 MHz",
        "label": "2457 MHz",
        "dec": "2457600"
    },
    {
        "name": "2476 MHz",
        "label": "2476 MHz",
        "dec": "2476800"
    },
    {
        "name": "2496 MHz",
        "label": "2496 MHz",
        "dec": "2496000"
    },
    {
        "name": "2500 MHz - Ultra",
        "label": "2500 MHz",
        "dec": "2500000"
    },
    {
        "name": "2515 MHz",
        "label": "2515 MHz",
        "dec": "2515200"
    },
    {
        "name": "2534 MHz",
        "label": "2534 MHz",
        "dec": "2534400"
    },
    {
        "name": "2553 MHz",
        "label": "2553 MHz",
        "dec": "2553600"
    },
    {
        "name": "2572 MHz",
        "label": "2572 MHz",
        "dec": "2572800"
    },
    {
        "name": "2592 MHz",
        "label": "2592 MHz",
        "dec": "2592000"
    },
    {
        "name": "2600 MHz - MK-X",
        "label": "2600 MHz",
        "dec": "2600000"
    },
    {
        "name": "2611 MHz",
        "label": "2611 MHz",
        "dec": "2611200"
    },
    {
        "name": "2630 MHz",
        "label": "2630 MHz",
        "dec": "2630400"
    },
    {
        "name": "2649 MHz",
        "label": "2649 MHz",
        "dec": "2649600"
    },
    {
        "name": "2668 MHz",
        "label": "2668 MHz",
        "dec": "2668800"
    },
    {
        "name": "2688 MHz",
        "label": "2688 MHz",
        "dec": "2688000"
    },
    {
        "name": "2700 MHz - Serious?",
        "label": "2700 MHz",
        "dec": "2700000"
    },
    {
        "name": "2707 MHz",
        "label": "2707 MHz",
        "dec": "2707200"
    },
    {
        "name": "2726 MHz",
        "label": "2726 MHz",
        "dec": "2726400"
    },
    {
        "name": "2745 MHz",
        "label": "2745 MHz",
        "dec": "2745600"
    },
    {
        "name": "2764 MHz",
        "label": "2764 MHz",
        "dec": "2764800"
    },
    {
        "name": "2784 MHz",
        "label": "2784 MHz",
        "dec": "2784000"
    },
    {
        "name": "2800 MHz - You're insane!",
        "label": "2800 MHz",
        "dec": "2800000"
    },
    {
        "name": "2803 MHz",
        "label": "2803 MHz",
        "dec": "2803200"
    },
    {
        "name": "2822 MHz",
        "label": "2822 MHz",
        "dec": "2822400"
    },
    {
        "name": "2841 MHz",
        "label": "2841 MHz",
        "dec": "2841600"
    },
    {
        "name": "2860 MHz",
        "label": "2860 MHz",
        "dec": "2860800"
    },
    {
        "name": "2880 MHz",
        "label": "2880 MHz",
        "dec": "2880000"
    },
    {
        "name": "2899 MHz",
        "label": "2899 MHz",
        "dec": "2899200"
    },
    {
        "name": "2900 MHz - Oh shit...",
        "label": "2900 MHz",
        "dec": "2900000"
    },
    {
        "name": "2918 MHz",
        "label": "2918 MHz",
        "dec": "2918400"
    },
    {
        "name": "2937 MHz",
        "label": "2937 MHz",
        "dec": "2937600"
    },
    {
        "name": "2956 MHz",
        "label": "2956 MHz",
        "dec": "2956800"
    },
    {
        "name": "2976 MHz",
        "label": "2976 MHz",
        "dec": "2976000"
    },
    {
        "name": "2995 MHz",
        "label": "2995 MHz",
        "dec": "2995200"
    },
    {
        "name": "3000 MHz - emuNAND's death",
        "label": "3000 MHz",
        "dec": "3000000"
    }
]