[
    {
        "name": "Set 1920MHz",
        "hex": "004C1D"
    },
    {
        "name": "Set 1996MHz - Base",
        "hex": "00781E"
    },
    {
        "name": "Set 2064MHz",
        "hex": "807E1F"
    },
    {
        "name": "Set 2131MHz - ST",
        "hex": "008520"
    },
    {
        "name": "Set 2188MHz - ST+",
        "hex": "006621"
    },
    {
        "name": "Set 2222MHz",
        "hex": "D0EA21"
    },
    {
        "name": "Set 2240MHz",
        "hex": "002E22"
    },
    {
        "name": "Set 2288MHz - Ultra",
        "hex": "80E922"
    }
]