[
    {
        "name": "Set 1200mV",
        "dec": "1200"
    },
    {
        "name": "Set 1235mV - Base",
        "dec": "1235"
    },
    {
        "name": "Set 1250mV",
        "dec": "1250"
    },
    {
        "name": "Set 1270mV - Mega",
        "dec": "1270"
    },
    {
        "name": "Set 1300mV",
        "dec": "1300"
    },
    {
        "name": "Set 1320mV - Ultra",
        "dec": "1320"
    },
    {
        "name": "Set 1350mV",
        "dec": "1350"
    }
]