[
    {
        "name": "0: Do Not Adjust",
        "hex": "00",
        "color": "#666666"
    },
    {
        "name": "1: 18-18-42 - Default",
        "hex": "01",
        "color": "#CCCCCC"
    },
    {
        "name": "2: 17-17-39",
        "hex": "02",
        "color": "#CCCCCC"
    },
    {
        "name": "3: 16-16-36",
        "hex": "03",
        "color": "#CCCCCC"
    },
    {
        "name": "4: 15-15-34",
        "hex": "04",
        "color": "#CCCCCC"
    },
    {
        "name": "5: 14-14-32",
        "hex": "05",
        "color": "#CCCCCC"
    },
    {
        "name": "6: 13-13-30",
        "hex": "06",
        "color": "#CCCCCC"
    }
]