[
    {
        "name": "0: Do Not Adjust",
        "hex": "00",
        "color": "#666666"
    },
    {
        "name": "1: 10 - Default",
        "hex": "01",
        "color": "#999999"
    },
    {
        "name": "2: 8",
        "hex": "02",
        "color": "#999999"
    },
    {
        "name": "3: 6",
        "hex": "03",
        "color": "#CCCCCC"
    },
    {
        "name": "4: 4",
        "hex": "04",
        "color": "#CCCCCC"
    },
    {
        "name": "5: 2",
        "hex": "05",
        "color": "#FFFFFF"
    },
    {
        "name": "6: 1",
        "hex": "06",
        "color": "#FFFFFF"
    }
]