[
    {
        "name": "0: Do Not Adjust",
        "hex": "00",
        "color": "#666666"
    },
    {
        "name": "1: 488 - Default",
        "hex": "01",
        "color": "#999999"
    },
    {
        "name": "2: 976",
        "hex": "02",
        "color": "#CCCCCC"
    },
    {
        "name": "3: 1952",
        "hex": "03",
        "color": "#CCCCCC"
    },
    {
        "name": "4: 3256",
        "hex": "04",
        "color": "#FFFFFF"
    },
    {
        "name": "5: MAX",
        "hex": "05",
        "color": "#FFFFFF"
    }
]