[
    {
        "name": "0: Do Not Adjust",
        "hex": "00",
        "color": "#666666"
    },
    {
        "name": "1: -2 -4",
        "hex": "01",
        "color": "#999999"
    },
    {
        "name": "2: -4 -8",
        "hex": "02",
        "color": "#999999"
    },
    {
        "name": "3: -6 -12",
        "hex": "03",
        "color": "#CCCCCC"
    },
    {
        "name": "4: -8 -16",
        "hex": "04",
        "color": "#CCCCCC"
    },
    {
        "name": "5: -10 -20",
        "hex": "05",
        "color": "#FFFFFF"
    },
    {
        "name": "6: -12 -24",
        "hex": "06",
        "color": "#FFFFFF"
    }
]