[
    {
        "name": "Initial Base",
        "package": "/Ultra/Ultra.zip",
        "loader": "/Ultra/loader_base.kip",
        "menu": "Ultra 1.3.6 - Base",
        "select": "/Ultra/Select.ini"
    },
    {
        "name": "Initial Mega",
        "package": "/Ultra/Ultra.zip",
        "loader": "/Ultra/loader_mega.kip",
        "menu": "Ultra 1.3.6 - Mega",
        "select": "/Ultra/Select.ini"
    },
    {
        "name": "Initial Ultra",
        "package": "/Ultra/Ultra.zip",
        "loader": "/Ultra/loader_ultra.kip",
        "menu": "Ultra 1.3.6 - Ultra",
        "select": "/Ultra/Select.ini"
    }
]