[
    {
        "name": "Set 1200mV",
        "dec": "1200000"
    },
    {
        "name": "Set 1225mV",
        "dec": "1225000"
    },
    {
        "name": "Set 1250mV",
        "dec": "1250000"
    },
    {
        "name": "Set 1275mV",
        "dec": "1275000"
    },
    {
        "name": "Set 1300mV - Base",
        "dec": "1300000"
    },
    {
        "name": "Set 1325mV",
        "dec": "1325000"
    },
    {
        "name": "Set 1350mV",
        "dec": "1350000"
    }
]