[
    {
        "name": "2331MHz - Erista",
        "hex": "008520",
        "color": "#CCCCCC"
    },
    {
        "name": "2350MHz",
        "hex": "00D020",
        "color": "#999999"
    },
    {
        "name": "2369MHz",
        "hex": "001B21",
        "color": "#999999"
    },
    {
        "name": "2388MHz",
        "hex": "006621",
        "color": "#999999"
    },
    {
        "name": "2400MHz - Bad Luck",
        "hex": "C09121",
        "color": "#CCCCCC"
    },
    {
        "name": "2408MHz",
        "hex": "00B121",
        "color": "#999999"
    },
    {
        "name": "2427MHz",
        "hex": "00FC21",
        "color": "#999999"
    },
    {
        "name": "2446MHz",
        "hex": "004722",
        "color": "#999999"
    },
    {
        "name": "2465MHz",
        "hex": "009222",
        "color": "#999999"
    },
    {
        "name": "2484MHz",
        "hex": "00DD22",
        "color": "#999999"
    },
    {
        "name": "2500MHz - Core",
        "hex": "601823",
        "color": "#FFFFFF"
    },
    {
        "name": "2504MHz",
        "hex": "002823",
        "color": "#CCCCCC"
    },
    {
        "name": "2523MHz",
        "hex": "007323",
        "color": "#CCCCCC"
    },
    {
        "name": "2542MHz",
        "hex": "00BE23",
        "color": "#CCCCCC"
    },
    {
        "name": "2561MHz",
        "hex": "000924",
        "color": "#CCCCCC"
    },
    {
        "name": "2580MHz",
        "hex": "005424",
        "color": "#CCCCCC"
    },
    {
        "name": "2600MHz - Mega",
        "hex": "009F24",
        "color": "#FFFFFF"
    },
    {
        "name": "2619MHz",
        "hex": "00EA24",
        "color": "#CCCCCC"
    },
    {
        "name": "2638MHz",
        "hex": "003525",
        "color": "#CCCCCC"
    },
    {
        "name": "2657MHz",
        "hex": "008025",
        "color": "#CCCCCC"
    },
    {
        "name": "2676MHz",
        "hex": "00CB25",
        "color": "#CCCCCC"
    },
    {
        "name": "2696MHz",
        "hex": "001626",
        "color": "#CCCCCC"
    },
    {
        "name": "2700MHz - Ultra",
        "hex": "A02526",
        "color": "#FFFFFF"
    },
    {
        "name": "2715MHz",
        "hex": "006126",
        "color": "#999999"
    },
    {
        "name": "2734MHz",
        "hex": "00AC26",
        "color": "#999999"
    },
    {
        "name": "2753MHz",
        "hex": "00F726",
        "color": "#999999"
    },
    {
        "name": "2772MHz",
        "hex": "004227",
        "color": "#999999"
    },
    {
        "name": "2792MHz",
        "hex": "008D27",
        "color": "#999999"
    },
    {
        "name": "2800MHz - STX",
        "hex": "40AC27",
        "color": "#CCCCCC"
    },
    {
        "name": "2811MHz",
        "hex": "00D827",
        "color": "#999999"
    },
    {
        "name": "2830MHz",
        "hex": "002328",
        "color": "#999999"
    },
    {
        "name": "2849MHz",
        "hex": "006E28",
        "color": "#999999"
    },
    {
        "name": "2868MHz",
        "hex": "00B928",
        "color": "#999999"
    },
    {
        "name": "2888MHz",
        "hex": "000429",
        "color": "#999999"
    },
    {
        "name": "2900MHz - Serious?",
        "hex": "E03229",
        "color": "#CCCCCC"
    },
    {
        "name": "2907MHz",
        "hex": "004F29",
        "color": "#999999"
    },
    {
        "name": "2926MHz",
        "hex": "009A29",
        "color": "#999999"
    },
    {
        "name": "2945MHz",
        "hex": "00E529",
        "color": "#999999"
    },
    {
        "name": "2964MHz",
        "hex": "00302A",
        "color": "#999999"
    },
    {
        "name": "2984MHz",
        "hex": "007B2A",
        "color": "#999999"
    },
    {
        "name": "3000MHz - You're insane!",
        "hex": "80B92A",
        "color": "#CCCCCC"
    },
    {
        "name": "3003MHz",
        "hex": "00C62A",
        "color": "#999999"
    },
    {
        "name": "3022MHz",
        "hex": "00112B",
        "color": "#999999"
    },
    {
        "name": "3041MHz",
        "hex": "005C2B",
        "color": "#999999"
    },
    {
        "name": "3060MHz",
        "hex": "00A72B",
        "color": "#999999"
    },
    {
        "name": "3080MHz",
        "hex": "00F22B",
        "color": "#999999"
    },
    {
        "name": "3099MHz",
        "hex": "003D2C",
        "color": "#999999"
    },
    {
        "name": "3100MHz - Oh shit...",
        "hex": "20402C",
        "color": "#CCCCCC"
    },
    {
        "name": "3118MHz",
        "hex": "00882C",
        "color": "#999999"
    },
    {
        "name": "3137MHz",
        "hex": "00D32C",
        "color": "#999999"
    },
    {
        "name": "3156MHz",
        "hex": "001E2D",
        "color": "#999999"
    },
    {
        "name": "3176MHz",
        "hex": "00692D",
        "color": "#999999"
    },
    {
        "name": "3195MHz",
        "hex": "00B42D",
        "color": "#999999"
    },
    {
        "name": "3200MHz - emuNAND's death",
        "hex": "C0C62D",
        "color": "#CCCCCC"
    }
]