[
    {
        "name": "Magic №0 - Do Not Adjust",
        "hex": "00",
        "color": "Gray"
    },
    {
        "name": "Magic №1",
        "hex": "01",
        "color": "Gray"
    },
    {
        "name": "Magic №2",
        "hex": "02",
        "color": "Gray"
    },
    {
        "name": "Magic №3",
        "hex": "03"
    },
    {
        "name": "Magic №4",
        "hex": "04"
    },
    {
        "name": "Magic №5 - Core",
        "hex": "05",
        "color": "White"
    },
    {
        "name": "Magic №6",
        "hex": "06"
    }
]