[
    {
        "name": "Magic №0 - Do Not Adjust",
        "hex": "00",
        "color": "#666666"
    },
    {
        "name": "Magic №1",
        "hex": "01",
        "color": "#CCCCCC"
    },
    {
        "name": "Magic №2 - Core",
        "hex": "02",
        "color": "#FFFFFF"
    },
    {
        "name": "Magic №3 - Mega/Ultra",
        "hex": "03",
        "color": "#FFFFFF"
    },
    {
        "name": "Magic №4 - Malfunctioning",
        "hex": "04",
        "color": "#FF3366"
    },
    {
        "name": "Magic №5 - Malfunctioning",
        "hex": "05",
        "color": "#FF3366"
    },
    {
        "name": "Magic №6 - Malfunctioning",
        "hex": "06",
        "color": "#FF3366"
    }
]