[
    {
        "name": "1200mV - Unsafe",
        "hex": "E0C810",
        "color": "#FF6699"
    },
    {
        "name": "1225mV",
        "hex": "882A11",
        "color": "#999999"
    },
    {
        "name": "1250mV",
        "hex": "308C11",
        "color": "#CCCCCC"
    },
    {
        "name": "1275mV",
        "hex": "D8ED11",
        "color": "#CCCCCC"
    },
    {
        "name": "1300mV - Core",
        "hex": "804F12",
        "color": "#FFFFFF"
    },
    {
        "name": "1325mV",
        "hex": "28B112",
        "color": "#CCCCCC"
    },
    {
        "name": "1350mV - Unsafe",
        "hex": "D01213",
        "color": "#FF6699"
    }
]