[
    {
        "name": "1200mV - Unsafe",
        "hex": "E0C810",
        "color": "Orange"
    },
    {
        "name": "1225mV",
        "hex": "882A11"
    },
    {
        "name": "1250mV",
        "hex": "308C11"
    },
    {
        "name": "1275mV",
        "hex": "D8ED11"
    },
    {
        "name": "1300mV - Core",
        "hex": "804F12"
    },
    {
        "name": "1325mV",
        "hex": "28B112"
    },
    {
        "name": "1350mV - Unsafe",
        "hex": "D01213",
        "color": "Orange"
    }
]