[
    {
        "name": "Core - Base  Like",
        "cpuMV": "1160",
        "cpuUVlow": "00",
        "cpuUVhigh": "03",
        "gpu": "01",
        "ramMHz": "2300000",
        "ramVDD2": "1300000",
        "ramVDDQ": "630000",
        "DVB": "02",
        "t1": "02",
        "t2": "03",
        "t3": "05",
        "t4": "05",
        "t5": "05",
        "t6": "02",
        "color": "#FFFFFF"
    },
    {
        "name": "Mega - STX   Like",
        "cpuMV": "1200",
        "cpuUVlow": "00",
        "cpuUVhigh": "04",
        "gpu": "02",
        "ramMHz": "2400000",
        "ramVDD2": "1275000",
        "ramVDDQ": "640000",
        "DVB": "01",
        "t1": "03",
        "t2": "04",
        "t3": "05",
        "t4": "06",
        "t5": "05",
        "t6": "03",
        "color": "#FFFFFF"
    },
    {
        "name": "Ultra - STX+ Like",
        "cpuMV": "1220",
        "cpuUVlow": "04",
        "cpuUVhigh": "04",
        "gpu": "02",
        "ramMHz": "2500000",
        "ramVDD2": "1300000",
        "ramVDDQ": "650000",
        "DVB": "00",
        "t1": "05",
        "t2": "05",
        "t3": "05",
        "t4": "06",
        "t5": "05",
        "t6": "03",
        "color": "#FFFFFF"
    },
    {
        "name": "Red - Custom+++",
        "cpuMV": "1220",
        "cpuUVlow": "04",
        "cpuUVhigh": "04",
        "gpu": "02",
        "ramMHz": "2500000",
        "ramVDD2": "1225000",
        "ramVDDQ": "630000",
        "DVB": "00",
        "t1": "05",
        "t2": "05",
        "t3": "05",
        "t4": "06",
        "t5": "05",
        "t6": "03",
        "color": "#FF3366"
    },
    {
        "name": "Green - Custom++",
        "cpuMV": "1200",
        "cpuUVlow": "04",
        "cpuUVhigh": "04",
        "gpu": "02",
        "ramMHz": "2500000",
        "ramVDD2": "1300000",
        "ramVDDQ": "650000",
        "DVB": "01",
        "t1": "02",
        "t2": "03",
        "t3": "05",
        "t4": "05",
        "t5": "05",
        "t6": "02",
        "color": "#00FF99"
    },
    {
        "name": "Blue - Custom+",
        "cpuMV": "1180",
        "cpuUVlow": "04",
        "cpuUVhigh": "04",
        "gpu": "02",
        "ramMHz": "2400000",
        "ramVDD2": "1275000",
        "ramVDDQ": "640000",
        "DVB": "01",
        "t1": "02",
        "t2": "03",
        "t3": "05",
        "t4": "05",
        "t5": "05",
        "t6": "02",
        "color": "#66FFFF"
    },
    {
        "name": "Gray - Custom",
        "cpuMV": "1100",
        "cpuUVlow": "00",
        "cpuUVhigh": "03",
        "gpu": "01",
        "ramMHz": "2300000",
        "ramVDD2": "1275000",
        "ramVDDQ": "640000",
        "DVB": "02",
        "t1": "02",
        "t2": "02",
        "t3": "02",
        "t4": "02",
        "t5": "02",
        "t6": "01",
        "color": "#999999"
    }
]