[
    {
        "name": "Set 2427MHz",
        "hex": "2427200"
    },
    {
        "name": "Set 2446MHz",
        "hex": "2446400"
    },
    {
        "name": "Set 2465MHz - Base",
        "hex": "2465600"
    },
    {
        "name": "Set 2484MHz",
        "hex": "2484800"
    },
    {
        "name": "Set 2504MHz",
        "hex": "2504000"
    },
    {
        "name": "Set 2523MHz",
        "hex": "2523200"
    },
    {
        "name": "Set 2542MHz",
        "hex": "2542400"
    },
    {
        "name": "Set 2561MHz",
        "hex": "2561600"
    },
    {
        "name": "Set 2580MHz",
        "hex": "2580800"
    },
    {
        "name": "Set 2600MHz - ST8/8+",
        "hex": "2600000"
    },
    {
        "name": "Set 2619MHz",
        "hex": "2619200"
    },
    {
        "name": "Set 2638MHz",
        "hex": "2638400"
    },
    {
        "name": "Set 2657MHz",
        "hex": "2657600"
    },
    {
        "name": "Set 2676MHz - Ultra",
        "hex": "2676800"
    },
    {
        "name": "Set 2696MHz",
        "hex": "2696000"
    },
    {
        "name": "Set 2715MHz",
        "hex": "2715200"
    },
    {
        "name": "Set 2734MHz",
        "hex": "2734400"
    },
    {
        "name": "Set 2753MHz",
        "hex": "2753600"
    },
    {
        "name": "Set 2772MHz",
        "hex": "2772800"
    },
    {
        "name": "Set 2792MHz",
        "hex": "2792000"
    },
    {
        "name": "Set 2811MHz",
        "hex": "2811200"
    },
    {
        "name": "Set 2830MHz",
        "hex": "2830400"
    },
    {
        "name": "Set 2849MHz",
        "hex": "2849600"
    },
    {
        "name": "Set 2868MHz",
        "hex": "2868800"
    },
    {
        "name": "Set 2888MHz",
        "hex": "2888000"
    },
    {
        "name": "Set 2907MHz",
        "hex": "3007200"
    }
]