[
    {
        "name": "Set 550mV",
        "hex": "706408"
    },
    {
        "name": "Set 560mV",
        "hex": "808B08"
    },
    {
        "name": "Set 570mV",
        "hex": "90B208"
    },
    {
        "name": "Set 580mV",
        "hex": "A0D908"
    },
    {
        "name": "Set 590mV",
        "hex": "B00009"
    },
    {
        "name": "Set 600mV",
        "hex": "C02709"
    },
    {
        "name": "Set 610mV",
        "hex": "D04E09"
    },
    {
        "name": "Set 620mV",
        "hex": "E07509"
    },
    {
        "name": "Set 630mV",
        "hex": "F09C09"
    },
    {
        "name": "Set 640mV",
        "hex": "00C409"
    },
    {
        "name": "Set 650mV",
        "hex": "10EB09"
    },
    {
        "name": "Set 660mV",
        "hex": "20120A"
    },
    {
        "name": "Set 670mV",
        "hex": "30390A"
    },
    {
        "name": "Set 680mV",
        "hex": "40600A"
    },
    {
        "name": "Set 690mV",
        "hex": "50870A"
    },
    {
        "name": "Set 700mV",
        "hex": "60AE0A"
    }
]