[
    {
        "name": "Core - Base  Like [redraz]",
        "cpu": "1160",
        "gpu": "01",
        "ramMHz": "2300000",
        "ramVDD2": "1200000",
        "ramVDDQ": "650000",
        "DVB": "01",
        "t1": "02",
        "t2": "02",
        "t3": "05",
        "t4": "06",
        "t5": "05",
        "t6": "02"
    },
    {
        "name": "Mega - ST9   Like [redraz]",
        "cpu": "1200",
        "gpu": "02",
        "ramMHz": "2400000",
        "ramVDD2": "1200000",
        "ramVDDQ": "650000",
        "DVB": "01",
        "t1": "04",
        "t2": "02",
        "t3": "05",
        "t4": "06",
        "t5": "05",
        "t6": "03"
    },
    {
        "name": "Ultra - ST9+ Like [redraz]",
        "cpu": "1220",
        "gpu": "02",
        "ramMHz": "2500000",
        "ramVDD2": "1200000",
        "ramVDDQ": "650000",
        "DVB": "01",
        "t1": "05",
        "t2": "02",
        "t3": "05",
        "t4": "06",
        "t5": "05",
        "t6": "03"
    },
    {
        "name": "Red - [redraz]",
        "cpu": "1220",
        "gpu": "02",
        "ramMHz": "2500000",
        "ramVDD2": "1125000",
        "ramVDDQ": "630000",
        "DVB": "00",
        "t1": "05",
        "t2": "05",
        "t3": "05",
        "t4": "06",
        "t5": "05",
        "t6": "03"
    },
    {
        "name": "Base - 1.7 [Cooler]",
        "cpu": "1180",
        "gpu": "01",
        "ramMHz": "2300000",
        "ramVDD2": "1200000",
        "ramVDDQ": "640000",
        "DVB": "02",
        "t1": "01",
        "t2": "03",
        "t3": "05",
        "t4": "06",
        "t5": "05",
        "t6": "02"
    },
    {
        "name": "ST9 - 1.7 [Cooler]",
        "cpu": "1180",
        "gpu": "02",
        "ramMHz": "2400000",
        "ramVDD2": "1175000",
        "ramVDDQ": "600000",
        "DVB": "00",
        "t1": "03",
        "t2": "04",
        "t3": "05",
        "t4": "06",
        "t5": "05",
        "t6": "03"
    },
    {
        "name": "ST9+ - 1.7 [Cooler]",
        "cpu": "1235",
        "gpu": "02",
        "ramMHz": "2500000",
        "ramVDD2": "1175000",
        "ramVDDQ": "640000",
        "DVB": "02",
        "t1": "05",
        "t2": "05",
        "t3": "05",
        "t4": "06",
        "t5": "05",
        "t6": "03"
    },
    {
        "name": "Test timings - [Test]",
        "cpu": "1160",
        "gpu": "00",
        "ramMHz": "2131200",
        "ramVDD2": "1250000",
        "ramVDDQ": "700000",
        "DVB": "02",
        "t1": "05",
        "t2": "05",
        "t3": "05",
        "t4": "06",
        "t5": "05",
        "t6": "03"
    },
    {
        "name": "Test MHz Ram - [Test]",
        "cpu": "1160",
        "gpu": "00",
        "ramMHz": "2500000",
        "ramVDD2": "1250000",
        "ramVDDQ": "700000",
        "DVB": "02",
        "t1": "01",
        "t2": "01",
        "t3": "01",
        "t4": "01",
        "t5": "01",
        "t6": "00"
    }
]