[
    {
        "name": "Set 1100mV",
        "hex": "4C04"
    },
    {
        "name": "Set 1120mV",
        "hex": "6004"
    },
    {
        "name": "Set 1140mV",
        "hex": "7404"
    },
    {
        "name": "Set 1150mV",
        "hex": "7E04"
    },
    {
        "name": "Set 1160mV - ECO",
        "hex": "8804"
    },
    {
        "name": "Set 1170mV",
        "hex": "9204"
    },
    {
        "name": "Set 1180mV - Base",
        "hex": "9C04"
    },
    {
        "name": "Set 1190mV",
        "hex": "A604"
    },
    {
        "name": "Set 1200mV - Ultra",
        "hex": "B004"
    },
    {
        "name": "Set 1210mV",
        "hex": "BA04"
    },
    {
        "name": "Set 1220mV",
        "hex": "C404"
    },
    {
        "name": "Set 1235mV - ST9+",
        "hex": "D304"
    },
    {
        "name": "Set 1250mV",
        "hex": "E204"
    }
]


